b'634982147811851\x01\x9dapproach allow\x00',"{'imei': '634982147811851', 'type': 1, 'code': 157, 'message': 'approach allow'}"
b'744367240316316\x00k;\x83@\xa9L\rA',"{'imei': '744367240316316', 'type': 0, 'lat': 8.20200624626024, 'lon': 17.662431518429315}"
b'492220775190111\x00L\xc5\x14\xc2\xa7\xb2;\xc2',"{'imei': '492220775190111', 'type': 0, 'lat': -74.38534627193674, 'lon': -93.8489310644763}"
b'276837711961258\x00\xfa\x83|@\xad\xf5\x1b\xc1',"{'imei': '276837711961258', 'type': 0, 'lat': 7.8911103270997245, 'lon': -19.49495836723338}"
b'681051685877949\x00QR5\xc2R\xb27\xc2',"{'imei': '681051685877949', 'type': 0, 'lat': -90.66077784715577, 'lon': -91.84827837453007}"
